{
  "train_accuracy": 1.0,
  "cv_accuracy": 0.7555555555555555,
  "cv_std": 0.12957670877434,
  "cv_scores": [
    0.8888888888888888,
    0.7777777777777778,
    0.5555555555555556,
    0.6666666666666666,
    0.8888888888888888
  ],
  "n_trials": 45,
  "n_features": 26,
  "class_counts": {
    "BLINK": 15,
    "WINK_LEFT": 15,
    "WINK_RIGHT": 15
  },
  "report": {
    "BLINK": {
      "precision": 1.0,
      "recall": 1.0,
      "f1-score": 1.0,
      "support": 15.0
    },
    "WINK_LEFT": {
      "precision": 1.0,
      "recall": 1.0,
      "f1-score": 1.0,
      "support": 15.0
    },
    "WINK_RIGHT": {
      "precision": 1.0,
      "recall": 1.0,
      "f1-score": 1.0,
      "support": 15.0
    },
    "accuracy": 1.0,
    "macro avg": {
      "precision": 1.0,
      "recall": 1.0,
      "f1-score": 1.0,
      "support": 45.0
    },
    "weighted avg": {
      "precision": 1.0,
      "recall": 1.0,
      "f1-score": 1.0,
      "support": 45.0
    }
  },
  "confusion_matrix": [
    [
      15,
      0,
      0
    ],
    [
      0,
      15,
      0
    ],
    [
      0,
      0,
      15
    ]
  ]
}